weight,height,gender
134.964141823316,69.5717286195358,1
177.91780401952,71.085757342147,1
193.704468032295,67.4574429125721,1
160.575065844654,69.4343710969012,1
173.879955998955,67.8750343159747,1
170.883603908204,68.9956790158239,1
162.190897649115,68.3684275793181,1
204.77022300895,72.1073479160159,1
223.015236026431,67.2331435248621,1
194.828659507216,71.318504427258,1
144.339846645658,69.0535262643542,1
133.993834200166,68.1426662490868,1
184.157378164391,71.9513775258837,1
157.331302362915,68.6997879291517,1
180.722131209471,73.643009709803,1
186.939224026088,70.4850344430963,1
162.156842788184,73.3792025121264,1
168.979576802361,73.3179982677153,1
179.468753073345,71.0610235720735,1
171.472795115577,68.6145929039262,1
160.480235520834,72.630703466065,1
171.172508011635,70.3699272349212,1
190.668306632678,70.0637678048886,1
155.282198732625,69.1138922020306,1
162.26693950085,72.8797039058327,1
175.167720510089,70.4466412342316,1
224.550403587043,69.9643843414681,1
174.808053551334,68.2475601038102,1
152.883018135413,70.2255942294214,1
157.941899926454,73.4736426376637,1
181.701006509355,68.9209635192385,1
171.279982567804,71.0659195448265,1
200.716831946784,72.9949773020653,1
151.356170896896,71.4391124758446,1
165.379804890552,68.1878388556498,1
173.022834415281,72.5181595237189,1
185.658950614928,69.0910934158197,1
193.484439946557,69.8051904977058,1
145.750414723085,70.8956619924583,1
201.070549682705,71.8060404913151,1
189.203556557481,70.611625700602,1
191.294906571128,65.1184398738453,1
195.215745715147,72.3973479247019,1
176.632889383204,72.1786670769588,1
184.005347891598,69.7773893186986,1
214.073216043256,71.265395325458,1
191.976253038774,69.740350427487,1
205.54224741566,66.0020680606046,1
182.87772662729,70.8917796883598,1
165.82110212083,72.0592014765476,1
179.210832817981,71.341253750411,1
168.245161419924,66.8324492209312,1
188.041929553113,65.5898299669119,1
225.786102417498,70.6758031421871,1
129.770019612665,69.8552553547905,1
168.249740020673,67.108447195145,1
209.14968714454,69.0240099957002,1
204.903301455616,69.2601809389355,1
218.145736738064,72.3898704847874,1
187.716876989166,67.0720825065135,1
175.1630583876,69.17729427691,1
184.070259742396,72.5902573924867,1
158.222481233615,69.7544163275541,1
162.921254601117,71.1592398136161,1
227.563275714259,68.2971465243053,1
198.905954697821,68.4363328439517,1
188.44245077853,68.7471262369176,1
173.601047953343,68.913320493607,1
182.250482813767,68.7410359296427,1
122.534575528717,70.2023563921016,1
153.942390010531,69.5831971117521,1
179.090567049723,70.0147805201303,1
172.554002463413,69.6151118950566,1
211.349936475829,68.7430833888637,1
216.56694182404,68.5194380622924,1
210.572502331196,69.057249469751,1
153.271004431147,68.7590423784329,1
139.139169616349,69.3268793820479,1
165.635778529907,68.6972198631157,1
169.412196539394,69.945210577194,1
207.82775915597,70.895104936199,1
211.454188701003,71.1382556678936,1
215.807304248788,71.9722623289183,1
194.081049180884,70.1223929578354,1
211.292452876168,74.171903151097,1
179.353365059755,71.1323793614504,1
142.615096428131,68.5503857444238,1
188.006011261838,68.5692329120273,1
166.936936363209,68.85477200548,1
156.61637404376,68.9042232123512,1
187.595586660617,70.7889700243083,1
157.391049497314,68.1546500372096,1
156.604300070612,70.9025995932754,1
172.007692980958,67.9111782786417,1
202.0680179928,68.4922660190192,1
133.442495457476,70.2070617687016,1
136.320263445601,66.7502382515657,1
152.745647887876,69.4532891815942,1
178.760621907505,67.1564908705886,1
202.47760611636,70.6523238399087,1
184.820256741133,72.2099681803891,1
170.817646220292,70.7967903470625,1
150.672330827897,69.8482396472706,1
160.571510313512,67.3736723793206,1
145.441294925327,70.2642244932219,1
167.278497501743,68.3276940709757,1
188.951350025775,73.042701467707,1
173.208073036225,70.7638570245167,1
195.117801348694,66.2732976821265,1
167.638374948115,72.1784282836211,1
162.99365178559,69.1897339650505,1
182.79586758398,76.5377515377394,1
190.717150970019,68.5547338191371,1
187.359775522085,70.6299155819541,1
179.866207253887,71.6574919054737,1
162.424126589015,69.7051386716043,1
192.715687621004,70.0793088982285,1
163.000323159651,71.4105604329425,1
197.456141648146,68.7932418979845,1
173.152988295771,70.9264237111383,1
215.045804404049,70.8346921500947,1
173.980762651043,70.1375428600655,1
138.732089647853,71.5021930619524,1
150.076834232183,69.033217825767,1
153.358233517889,68.5573540746792,1
157.104659227316,68.2543847374032,1
182.683716228636,68.674316780738,1
175.810378356796,70.5639562179266,1
128.870817112284,74.1392398558156,1
174.427681409194,70.8509511442751,1
175.396448128859,68.5911632265637,1
172.127674707877,69.6343922196994,1
163.385047268192,68.212782478553,1
184.627232132129,70.4622761346978,1
183.86444246427,68.9728684696037,1
197.811072828036,71.5310800366697,1
187.118492727303,67.9272819095717,1
203.992259007592,71.6085445883297,1
176.780803076253,69.810544319656,1
193.54615333574,70.1074617198259,1
174.323978257486,65.2055507126311,1
138.125274853047,68.1039397029472,1
177.037374160471,69.9677935145463,1
200.780787150058,72.5820421343103,1
189.634266251468,68.5300041306079,1
166.401419040578,69.2495674094719,1
171.706662317724,69.5343068422595,1
178.107567519376,68.2867552150332,1
186.481516206447,72.447807536865,1
140.950007839985,67.9374145892268,1
171.628173618147,68.8140606900829,1
149.963058284406,70.4557205511628,1
164.050908782999,69.4036098223238,1
182.282058883828,73.3208621137362,1
194.335050422096,66.5945464593726,1
172.194211071649,68.2799931086405,1
164.847841936577,70.7326135960535,1
218.843865083144,69.8852866112881,1
181.195962207192,74.5895566081719,1
180.448432748601,68.3809144178799,1
190.605301712482,70.9041843789592,1
163.500653689211,70.9113973740532,1
161.395928577388,68.3446409933889,1
182.136524000191,71.2402787786908,1
177.282145434093,71.2600478050833,1
200.987919387692,68.3077224932967,1
164.944822937164,69.6702219125518,1
225.172297981701,72.7870108612609,1
156.904191927229,72.0095862937137,1
157.757972895965,68.2379416149392,1
158.382048472372,68.5929295992795,1
148.210757361115,68.572747193012,1
180.852939266801,73.1424628888002,1
190.451010030318,70.4662562567945,1
202.727725395455,69.7432199055625,1
186.023650478528,70.8184214727805,1
180.109150814606,69.4537186650201,1
171.355661937917,68.7683171026723,1
152.077335140058,70.6044775026971,1
154.499858138103,72.2710303480717,1
176.412234112038,69.8126448974251,1
194.882841540599,70.0928252718498,1
182.832953500118,68.9529908617516,1
186.601134620577,71.8121626931029,1
168.628327609406,67.2958988050012,1
154.585653579079,71.2783630157899,1
210.389166938402,67.7031133583832,1
146.898372660439,67.0360699277475,1
169.26087929754,69.9297700707884,1
173.076100889718,70.3204507167038,1
135.296855432943,67.9326397141792,1
187.074551356335,68.003694128852,1
204.107005521253,70.7390579546602,1
179.565156896693,70.6928520487929,1
144.738079242878,65.6535813295426,1
197.381098737434,68.8115117392031,1
187.978417240033,72.59342686193,1
184.725290492349,68.7208249976517,1
195.658118336254,70.1478179518027,1
185.101075475061,69.4782940685383,1
184.804465006902,68.2705256775506,1
201.674237417893,74.0562846815713,1
209.490837951332,72.4802243580272,1
210.467019203665,67.2337612977449,1
194.348427317082,70.0807512614126,1
176.728350159904,68.89465537239,1
181.238193980159,72.3402741971812,1
156.498753336876,71.7753701619652,1
197.257763478883,71.8321028317189,1
191.824182694459,71.707919041016,1
165.962812693533,65.5319925506119,1
168.690081800023,69.1296588844264,1
223.171556253567,67.6386221958918,1
188.099156155952,67.0478739491666,1
178.336141028377,68.8716438444642,1
161.692491458796,71.874695117517,1
184.971964803296,71.5446500733367,1
176.873704199873,71.3859856233019,1
175.749912657497,68.8491737892869,1
193.483893142216,68.5279932636995,1
190.560088076429,69.1098303172224,1
190.246420370136,67.6301207175337,1
169.218844595309,68.4718124066444,1
195.055429447515,69.8294889030046,1
189.239176554512,71.5617321452118,1
160.367033974951,70.0089120253335,1
131.949498010207,67.5921966289817,1
168.986736539321,70.6763796821153,1
196.280032578606,70.7241272435996,1
159.36320847711,66.9998240564308,1
168.031811622591,73.2036593744633,1
163.297373017932,71.1005941081403,1
174.359298017662,72.7681734424362,1
140.098483209513,69.9536026638291,1
156.267890828744,71.3315978567191,1
210.108135024861,67.5690895791452,1
181.039935767834,68.5496282552887,1
189.306410112967,70.9719947058967,1
191.49297434148,68.6027796594323,1
197.700428718775,66.4555036636269,1
184.420988403334,69.4464971456421,1
148.861907856626,68.9302129392628,1
172.329777288162,69.8305855735011,1
181.8307594298,68.8910010499898,1
203.939015657187,67.7138981319092,1
164.8757799576,68.5650224846415,1
191.801495735533,69.3956428040531,1
177.180745994356,64.0791417181343,1
193.673042188064,72.1282004501509,1
162.746872107813,67.7986510497318,1
186.470485741041,69.5792946393924,1
186.931654956438,71.0505981255514,1
168.232694715904,67.2974252149775,1
158.929569221686,69.3114911579515,1
173.907781684389,71.5432260535386,1
192.01178353148,68.8942589683938,1
182.630471146281,70.6825042072281,1
186.686528927465,70.9212023836466,1
176.312687681568,68.3370317471503,1
167.204633408332,70.2675540795955,1
185.189721711239,72.3916361187554,1
154.71321173941,71.0103883151297,1
185.405788803151,72.2281657610522,1
155.486264513127,69.9844776136987,1
190.323048849845,72.3663456811506,1
180.581220306432,70.6271299321365,1
164.644752594509,74.2296481967805,1
129.388900479711,72.2692641321754,1
182.569954052097,69.935335007343,1
170.541229439573,71.2043190015819,1
150.629013897375,71.7355632967702,1
154.093232190368,71.852183418467,1
172.504153785348,70.9793126345637,1
151.728259259818,71.9378600438073,1
174.687127387074,71.0596826771053,1
152.966294966943,68.6237507956543,1
162.504094171302,69.0610135036272,1
189.320304205468,69.2557112108635,1
184.712975560525,68.2178677943431,1
168.150181379545,71.5032944973574,1
191.558767130377,68.1663701174801,1
200.57890867411,71.5972639408751,1
194.148916364312,69.6816550403992,1
186.810727151133,71.0597080116222,1
187.727279624933,69.806816661282,1
165.24847769591,70.6910967003342,1
215.145691694072,70.632302603964,1
163.843225441154,72.193659203702,1
200.069993210879,68.9899273666343,1
179.290000440985,71.2407753740278,1
178.154287022116,71.5430937356226,1
160.330612440695,69.7676599431031,1
134.73291019135,71.2049138565026,1
132.222142046744,66.1947810943896,1
181.447793006084,69.0202224458124,1
166.622898267427,69.5620090129345,1
150.398883570101,66.1494847390688,1
201.622242863118,71.0320346458489,1
151.386073327685,67.0662918489163,1
185.253014263245,67.9232147316275,1
185.678230213384,72.2736855033306,1
165.654488914791,68.753085111805,1
123.152994673785,69.4315003371396,1
177.65875551937,70.0674618751247,1
176.906580431135,69.8773119808043,1
144.72146750826,71.3702133219104,1
167.164991807409,66.8474205919445,1
184.28475329882,68.7610958941266,1
191.108326391504,68.6625077249408,1
147.068925004567,67.9516248413146,1
185.646465812272,69.6963906981023,1
163.489596321518,69.7352446801982,1
165.868512385765,72.3499597470148,1
193.186676024728,71.5081128075796,1
177.083367383671,71.4161345245388,1
205.067515560222,71.231481732594,1
194.700964134153,69.5728665968592,1
197.199515310082,65.7824738712584,1
208.037241670677,69.7201170245629,1
164.336562649823,66.0708520888954,1
134.861546643026,74.0807739753776,1
173.861270098713,70.3965789223386,1
157.221090866005,69.3631560207049,1
185.025161766016,69.5603213651101,1
155.619714697748,71.8979181378805,1
197.823063983873,69.8607074820902,1
184.650764341651,70.7113052551434,1
159.327253789743,72.0392914844373,1
164.444604564725,68.4607935988023,1
198.928029742254,69.9527398038049,1
213.6959031672,72.0620768623144,1
147.865658112062,72.5527097065055,1
188.829835197542,67.178526052421,1
180.720614115664,72.4222961095266,1
163.557316012447,70.863724619546,1
182.881868955588,70.2415031112768,1
144.215059845126,67.9718828679251,1
167.1328701173,71.926240987391,1
179.170106517781,73.3647088154837,1
163.648998829638,70.0499348543093,1
192.911539746352,73.1057045349889,1
201.717768229608,69.1120134238006,1
195.517571126787,71.4226551042658,1
196.940443421075,70.3549867792699,1
147.007033099117,69.3797426911125,1
184.087212350143,66.0923063363604,1
156.979471219304,70.8278110428499,1
153.104645577816,70.7614703976608,1
166.67820649788,69.8763390415133,1
171.556155606585,69.1058705160199,1
143.023572297217,68.7765642730668,1
165.416234506235,74.889564364841,1
146.128785415831,67.734967857751,1
180.686457444105,68.8113049087319,1
164.123504280342,70.0656026789646,1
160.680747449958,69.2507943843819,1
154.349746412712,66.6090311195726,1
166.795405912201,69.1855287626281,1
196.209564037906,73.274604125994,1
188.140632421758,72.9351019376814,1
147.684705850902,70.0613911140385,1
161.460830274107,69.8981630416108,1
181.867453064131,66.9341082737361,1
189.741547498657,69.7856968172082,1
131.510777760303,70.9204775696732,1
165.120840630124,72.7727077113081,1
186.70241477276,71.3176615622191,1
151.921956331252,71.6350521395317,1
184.074482510153,69.684190804188,1
120.998051670526,69.4484986629797,1
182.366088857202,69.6796411733567,1
156.020543103865,70.3176068397572,1
185.031472359128,70.4798118685372,1
156.488037753726,70.8174435860157,1
144.161486837065,69.37814144314,1
165.634550359108,71.2698688462404,1
155.435135149309,72.332154267941,1
170.248264037582,66.5791427844738,1
157.525578977902,69.1787689175742,1
181.84911383499,68.9581844706527,1
173.912543230367,68.3305060071339,1
182.026627082254,69.7887820938492,1
194.915291181944,68.6456121302093,1
185.535700857113,69.1224044769722,1
171.562939920267,69.4155854084915,1
185.926099890189,69.2605966557791,1
169.589158593262,72.7144089406239,1
182.780430520764,64.4580563583562,1
152.079725553801,70.7703878216028,1
228.480859405611,70.6938379659805,1
210.014426105443,69.8806115637133,1
152.305970418805,70.8210341624912,1
153.135923951765,70.2101977508899,1
194.154226502149,68.7532052075703,1
176.084465126854,70.9613358754933,1
163.150350425101,67.1360328370401,1
158.276986674469,70.2479570907087,1
197.5928302466,67.7521202527333,1
176.042804762267,68.3591159128605,1
191.110438904403,66.9535111445547,1
190.525170308618,72.324631992518,1
191.342781798545,70.0090057369364,1
196.17515714763,70.3322907368,1
172.52949517184,73.6588047866135,1
178.63068442579,72.8092991936475,1
196.658609316698,71.2458273505452,1
205.581405161215,67.0605538912667,1
150.637352378831,66.3505134279688,1
173.250212175673,68.9919011679209,1
172.701134442462,71.861953003863,1
152.453089980847,69.0952394027664,1
172.927294601615,73.1313618225792,1
183.598348674266,66.5295920896936,1
176.711722532491,68.7819631942532,1
202.314450737116,71.771642449464,1
151.651994755084,68.2449630804258,1
168.899515649284,71.7179847737778,1
172.631246938471,71.3712444210898,1
173.245788047707,68.9690162730133,1
167.436596960591,66.439208954982,1
172.418926519928,70.3006264608977,1
196.351604580909,67.9153520703198,1
197.821571213742,70.3483362214776,1
169.503627069904,71.1184725904647,1
227.144373490136,69.1298792687496,1
150.205929260373,71.2774822229968,1
162.429375040067,68.4073314745709,1
176.538765065908,66.913275105994,1
182.845400009151,70.5727075886869,1
161.035719902209,69.2129557482643,1
181.863338772334,73.7295384774815,1
193.022850657827,71.3424541936661,1
179.536275953069,72.6052643494742,1
166.581843017062,71.4242190312981,1
168.108785265239,69.7650981741156,1
182.792473948576,69.8576942665416,1
181.751294243317,70.7299155899244,1
191.347740710345,72.1490842546689,1
173.031526907184,64.9312279276082,1
199.817582650189,69.5012296842015,1
165.254239897268,66.5800546091977,1
155.497431716011,73.0034342900741,1
209.563890199541,70.5515206676586,1
143.814440312492,71.3718377283035,1
230.152019336843,67.9837914144904,1
157.040459059277,70.6053523023342,1
163.122775456734,71.4839102978945,1
170.176945979571,69.5847219131677,1
181.282567032741,75.1581721738359,1
195.800234572267,70.126708243155,1
159.570860013484,69.799269914529,1
174.603706209563,69.7125509485251,1
175.610610120317,71.6936471911932,1
147.325314320033,70.9734185993242,1
168.168028590616,73.2801284157362,1
177.73007306913,65.7791066580634,1
200.049990820325,67.6018411915713,1
170.363974803074,66.15112883241,1
162.495674958086,69.2382417553274,1
187.430435838267,67.6230756798126,1
168.474504637532,67.8334358482276,1
141.221071819895,71.8519960664704,1
163.24086003622,69.3057172795438,1
142.985731770214,73.4556681489436,1
167.526769517739,71.9292290671056,1
183.695046015075,67.5171416781424,1
145.271291318128,70.2297394731658,1
187.301101062534,71.6958830413347,1
162.610947778671,75.0290823421936,1
168.886263307566,70.8821707192139,1
182.757484613175,69.7815997357713,1
157.916539873146,71.4435092526008,1
154.516947490015,71.2830016831579,1
144.261378727981,73.1301901568106,1
164.572539426933,65.9769123218139,1
167.838551181486,70.0874595659996,1
156.159039445919,71.3272423139095,1
165.811110004909,66.2152306808252,1
221.887512095139,65.5614476035228,1
187.048601051787,70.2869525394572,1
170.596168829364,70.4159521668004,1
149.243201941517,70.1666206168832,1
156.618264600975,71.0390957974271,1
159.68807032574,71.9341630306888,1
188.725109722481,69.2717041654069,1
130.78715966306,73.0386416863567,1
186.024763559715,69.7134370213564,1
159.849694302338,70.6982132790868,1
135.780239511554,65.0837576179422,1
197.790353037,69.8844382364925,1
170.677720422423,69.9234807004028,1
158.239700654603,69.0056872356752,1
178.289407958605,69.0336177485664,1
162.758525932756,72.9717729868021,1
179.962595315543,65.7996764450309,1
159.996637663469,68.2439377542103,1
172.113143529728,67.3171169240525,1
137.94306361876,68.9701000670389,1
181.038392783725,72.232511615847,1
156.426595371569,70.5670424444824,1
210.166640268956,68.8964654087643,1
167.896898840808,68.7097394094593,1
207.289732194316,70.7366018851761,1
198.084638993535,66.9881675521104,1
158.207436861635,70.7033731661716,1
184.740131416434,69.4435313318518,1
146.552880216868,70.2249931482987,1
203.985140586013,68.6550146266772,1
147.567660699718,68.926371634458,1
213.821788682741,68.7816427608767,1
177.591484953996,73.0233717007185,1
134.874656867705,70.0998060829541,1
171.86203340955,68.7881979956388,1
187.4904147479,70.2916708315092,1
184.331398973444,68.1483662010895,1
172.431589342688,70.2961253059578,1
155.779315136908,70.3343251919805,1
202.9926826967,72.4571480587443,1
172.87724794068,71.9438021766547,1
180.800467791415,68.8446606539746,1
156.496238495789,73.1360049773206,1
180.30859104466,70.113606498886,1
202.064020011158,73.2440840351099,1
152.98494375567,69.2314787227882,1
148.851216467274,72.9267716388018,1
155.75936084196,67.4452634826572,1
173.310378401105,70.7143072122869,1
158.485885393156,68.4645701929549,1
177.987453294391,68.1902786954093,1
172.746446529268,67.7656043548191,1
183.389534078057,71.1938046550274,1
181.49625480378,70.5048562211677,1
144.396500139476,68.2797000695542,1
145.041760491426,70.5787254910444,1
175.543825959271,73.728580825576,1
178.084324422184,70.3913548488589,1
184.948506127,71.3162478761977,1
138.056274107635,72.6890966007269,1
203.172255208122,67.8785748622789,1
203.356238848556,68.1897531078966,1
170.6020014537,70.9637029068302,1
187.242501497715,69.1729036720499,1
157.555861568062,68.565912448997,1
187.228481451055,66.625793899815,1
194.817215341322,73.1443426670673,1
169.558933631194,70.5567370936791,1
173.210926740995,75.2883526445963,1
192.070722954259,71.1223414015638,1
171.665472783592,71.3643071053353,1
163.282278084979,68.9805412171613,1
148.695976627304,71.6435817997727,1
157.901875113211,67.937810837448,1
179.594832038597,72.696028863145,1
190.970537710618,70.1342390931449,1
219.93800748882,72.9585662618822,1
177.415702473318,70.4828980997817,1
174.259804591896,72.1722300156528,1
186.324482467591,70.0669059986332,1
174.970014913312,67.3842255445379,1
183.301594502822,69.2991947804061,1
155.952103998493,69.4287259108158,1
154.722636148929,69.8960065248073,1
171.75622810827,72.3712994566844,1
184.777331058759,69.6077467429448,1
155.084474957292,69.3329847642532,1
152.468978172892,70.6629005775283,1
155.437083865555,71.1238899590844,1
201.076171228543,71.0765190357448,1
167.139210586943,70.0596899375969,1
164.992470621057,74.4146257190362,1
171.906661612832,68.3667252704372,1
187.050027091564,71.9570884582221,1
127.380021255046,71.4917298675423,1
142.00513165736,70.9838048981066,1
169.143421115602,72.3513439599882,1
190.020986278025,70.3634544640601,1
163.039531594448,66.7099473194713,1
188.432985676092,67.5200479367845,1
181.899721651784,69.8930833574394,1
145.374492258242,70.7192010302925,1
180.843179218869,70.6073365240573,1
166.651265007985,70.9097827911665,1
159.986357137492,70.0574015984507,1
167.634775443624,72.0094332574733,1
209.997681053617,66.3657422354728,1
178.596637116568,69.6197211895912,1
148.21360046576,72.0012054053972,1
161.290562028774,71.2808354470879,1
188.586423147968,73.8228785616511,1
175.242980635056,68.7984425963813,1
194.944242147956,70.7971924919773,1
200.331966782108,70.5747765401088,1
172.205150254631,67.6878114545889,1
171.301189157662,68.8072374442295,1
209.995084092627,68.5854968193085,1
188.669622369049,69.6525907378777,1
186.552206109821,67.8176414113465,1
171.628491359896,72.9491363695114,1
193.773365400438,68.7959671141384,1
147.508304787171,69.9688779613299,1
169.620339069643,73.9378995112721,1
170.976031055404,69.0347363683199,1
207.943170719679,74.6192467213832,1
179.626776577473,68.7873623586448,1
155.983416607003,69.810151573195,1
186.836241486407,70.6447301283994,1
144.16468098531,71.8519687515338,1
164.301886632578,68.2638543131576,1
177.947484707979,70.4404725200573,1
154.892925396858,68.4413544068935,1
162.508349573818,65.7491361339153,1
167.379069099646,68.8903122363831,1
161.456315205623,70.508897388609,1
161.618654139438,71.383980456108,1
172.380373217323,69.2042748768675,1
152.897720961567,71.497695834852,1
172.636943210475,73.7648415594609,1
180.129756864777,70.9646720428808,1
204.533006875987,70.5385809901618,1
148.16092484202,72.1339875928594,1
166.813206340938,69.8986782998593,1
157.140093803898,65.8799708676896,1
197.931784804359,67.8124408605911,1
170.25115238055,70.1429289933163,1
162.197653642903,72.6983927386606,1
159.638645273835,67.6965216397542,1
163.866668012405,67.7654131945745,1
200.533172283728,69.6940532969116,1
157.251613848074,72.1346338739506,1
145.670988502049,69.3169619351048,1
172.297243269709,71.0118584402754,1
178.063890606334,69.112155463094,1
190.634231166547,68.7195826134935,1
198.014819744691,68.2130642443464,1
195.007698930188,70.561580481383,1
139.528730092297,69.3569988081525,1
186.462450404577,65.6107895278073,1
146.972946554655,72.4613405171333,1
179.265334084827,67.4835104133345,1
201.19919586352,70.0455473665185,1
182.456761996529,71.0500830990085,1
159.784830567812,70.8900913063676,1
179.803388434207,72.015330533741,1
154.94369252779,67.7062899221387,1
159.028861484492,70.0440776089213,1
167.133218527342,66.2325569229762,1
184.926341774487,70.9219591184905,1
180.286324660427,69.7157568293304,1
160.072062140647,72.7628994861478,1
193.493307717762,68.1800087416049,1
183.538273493681,72.317895943031,1
170.392533284945,68.2482472109674,1
192.856171424482,68.818512602487,1
189.702304936696,70.1851014170462,1
144.63472268515,68.7966786969695,1
147.393104309693,69.853941266217,1
204.901469054325,70.4988626067216,1
163.713740991718,71.6888035802842,1
147.865514333635,69.6365540465387,1
182.967242705528,70.8042660102991,1
188.004848277742,70.5738430956851,1
153.287578926092,71.1348782324752,1
196.335099433622,68.9912617238872,1
180.656336931318,71.4329659750513,1
166.497972130407,69.9947465824743,1
147.769328307164,69.6455746492767,1
212.804404190347,68.1395251468538,1
164.80879683039,71.1304437211284,1
170.377938974707,71.0628501200445,1
196.674852697107,71.5502795260106,1
159.4565898795,73.4602725150324,1
192.512547098474,68.5072429399994,1
177.960447410639,66.6436831301337,1
165.657399059117,73.4155085138113,1
179.290137415502,72.1589032612444,1
201.565919478326,69.3910343794179,1
196.964523307684,69.7724645520657,1
152.072936153945,74.605618243902,1
166.583408266453,68.6294898935047,1
171.344818336104,69.4691423974632,1
176.385478356623,70.6916360692109,1
203.946696018685,68.715204755515,1
191.289957649568,72.6917297467465,1
150.260675973822,69.3424519105473,1
167.104725824879,69.8944878439408,1
172.997641905005,73.5885636921221,1
156.048708936754,71.361298085008,1
204.535538164068,68.7291342401417,1
165.342876647968,70.6073599377566,1
139.409297984814,68.6738828404476,1
151.449468610967,71.7326942240826,1
191.101465744982,70.3920963773067,1
163.820545276554,70.4029224728451,1
184.540977154853,70.144115449519,1
167.350279888135,68.9503425818185,1
199.077677806079,67.1815457572498,1
183.074601494131,69.9147631815275,1
176.092602180347,67.5555517857088,1
214.13118431155,67.863242727231,1
160.351708011826,75.0022484964755,1
165.115957594249,68.3514033680567,1
177.003150290068,70.3670002243548,1
194.863916431646,65.2121281666041,1
175.938283519451,71.4637211634886,1
152.126727269778,72.7012000043358,1
194.999845279796,69.7031754770805,1
139.144049294869,70.3068777767336,1
184.261784030241,66.874230070189,1
165.445517912979,68.523330817069,1
143.464805868531,69.4538358418567,1
150.982158939671,68.4234681710332,1
179.084097011154,70.1885721328186,1
171.744750578014,73.8451060636062,1
177.675123855414,69.5490801415311,1
174.440157890166,71.7024299257073,1
158.896935495047,71.3922467231199,1
200.744343633626,71.8993202769651,1
169.489158932822,69.6764603471929,1
212.188898348315,68.9696778800246,1
190.21883976473,69.777555196915,1
160.068418756721,70.232682479867,1
165.369078080738,71.6792491846942,1
184.357998024253,68.4738882277336,1
155.607371648473,66.6568421030536,1
149.477728967722,72.9464062500307,1
181.453361105358,68.8814376583207,1
154.540612845946,68.3459246117035,1
186.536346966036,71.9627854021452,1
183.462736368775,68.9704785602055,1
169.398139470168,68.5964722102747,1
205.6741908515,73.8967518442096,1
196.827681759721,68.9085307045912,1
157.667850218217,71.3704196471249,1
175.287103484808,69.8742580950182,1
164.724560783548,69.1874474020296,1
176.852931055422,67.5787972660178,1
158.986476441392,69.4911644250024,1
190.171836559602,70.0486240013819,1
176.746808307472,68.9064342109483,1
195.819932079133,68.6962096993053,1
175.98637067915,71.5859198222044,1
152.062588815535,70.6392566685649,1
140.764628482969,69.4598676195674,1
160.54760132895,72.0053946272405,1
186.189672824847,69.0003622066524,1
178.249090313752,72.5787376238618,1
162.193094796906,73.3376216647369,1
202.113569208942,68.3654516672484,1
167.350300681627,67.4290346111968,1
195.532497652028,71.9709646719409,1
198.676087021595,73.6597638877044,1
158.638384996035,70.8894091472982,1
156.050114118992,67.4692981082468,1
171.857310749234,76.065685227549,1
151.544257844174,77.5302378222924,1
166.674314845735,69.19292556983,1
181.27956272696,70.5977313524132,1
177.413591299581,70.0208678071802,1
176.100188443922,73.3896117125277,1
169.80371266138,71.1404578285348,1
177.785432098892,70.8005300712631,1
178.121033368825,73.2678582477017,1
180.139106794237,70.4803878367428,1
163.417646019448,71.1064546003184,1
161.953222867405,73.476517856013,1
162.112564934694,68.0345148765035,1
176.474028764019,70.3456391957124,1
160.540679581534,71.8354116567997,1
177.996319338482,68.2077973390361,1
179.881198710271,70.6280300140096,1
181.469948429657,72.8361201037871,1
204.528580180788,67.9082771123866,1
166.588255008438,68.2224109546093,1
157.325499360602,68.1062661554162,1
193.105704355294,72.7333998186816,1
206.408028285193,71.3770902084938,1
196.333570193993,69.7882203182001,1
190.554348419451,66.1739733179128,1
175.065971626235,69.3394246791741,1
181.239129313753,67.9102989797542,1
182.863194759253,69.8370348103167,1
198.078088959934,70.8698617049821,1
179.665060941737,69.1314316195172,1
176.881855129205,72.3086384853167,1
173.451485497955,70.4259288130321,1
168.03912767826,73.035150725642,1
180.617300812581,72.5361462556888,1
222.534132329513,71.6427201476108,1
189.669898790744,68.2387528570367,1
164.839654662673,68.272937136881,1
150.967614830049,67.6129223022098,1
159.406146049747,74.3111432335442,1
199.637518040156,67.238776771368,1
163.794582215949,72.6617092694189,1
191.090264962725,69.8307619581183,1
194.732840016368,68.2315024892465,1
131.960499395617,71.0022598208664,1
199.682169029577,74.7689705506871,1
180.067217588324,69.3266595601295,1
142.653993215323,70.5360250199432,1
176.928238895493,69.7234149029418,1
193.696601955781,68.1678551750654,1
192.452171469775,64.9487269377479,1
165.000267030883,69.0561795839467,1
158.310747482571,70.9555603299536,1
190.677563058986,74.8940569804554,1
171.253508303768,71.7243368245885,1
171.449806204685,69.8559923836208,1
202.931748328691,68.1431254821844,1
169.714936657271,72.5704253398999,1
170.065848952458,73.2022649677002,1
177.625892799627,74.4265816722203,1
209.10901756294,71.2669114351761,1
176.822094315457,71.1996373944227,1
210.177490044259,69.4436940834705,1
180.871983339429,68.6750923517731,1
153.606674903059,68.5985444986029,1
153.340614219625,68.4885693405944,1
140.869709161699,70.6343757715023,1
171.488796727209,75.1819568287399,1
197.044510543459,71.8271248103469,1
154.167860877329,72.8330902361075,1
131.794155791133,70.5383224515519,1
213.382221117065,71.0511313847001,1
173.110433459423,69.0417311079925,1
179.218440363476,70.7068930766283,1
204.689566760178,70.2982518663622,1
192.989384732172,71.0008476594105,1
156.51447952094,66.9352946072712,1
182.841188142311,70.8962337957794,1
189.076281528435,72.2394799383739,1
183.062854645609,70.6353374193929,1
193.30351033459,66.4660978728788,1
181.721728271053,72.4493872218663,1
162.672445231829,71.7640012691396,1
175.11771459119,70.0890928302404,1
203.880589626156,68.4697713208802,1
147.302725760273,69.1506845968295,1
193.778584259747,71.523638741486,1
191.563607008112,70.0547875889511,1
179.949371571495,69.5213099271056,1
156.555515318295,70.0702060251947,1
191.658196763274,69.8611668216492,1
154.495551939071,71.0933426898719,1
183.579119579669,70.7882416168372,1
204.33417336491,69.2997747474588,1
185.432198437264,69.8119783581174,1
179.486471945464,71.8080017404362,1
214.608966444344,70.9215305637196,1
197.872540431017,70.1310717983266,1
180.450475869754,65.8421856516292,1
157.493070219641,68.4383695096598,1
166.723879142146,70.4006627171128,1
204.835417355327,67.7038338362255,1
153.800590463106,69.9257511767504,1
184.119650553525,72.4288485971874,1
202.990152391108,71.937095281814,1
191.089088262879,70.4206434918519,1
168.139233621684,68.6802164353399,1
161.623023392009,67.4520424512482,1
210.846519465451,69.7659626982441,1
190.655094813442,69.529818908469,1
141.853388423882,68.9943789195212,1
182.598952076666,72.0726338431819,1
172.563574168002,72.8901229890615,1
191.527515446893,74.6171274171544,1
205.154261064861,69.7890638553703,1
180.59945519182,71.2737893446482,1
149.485068107797,73.1748155150429,1
172.594738622865,68.1363808311508,1
189.921504570572,70.9980084385253,1
163.99409298163,71.01374024073,1
186.2752652711,68.5733421086059,1
171.615134438254,67.6581326713456,1
158.392701480173,71.4423427897121,1
181.733833073325,67.935815851382,1
191.315360572727,72.5911009299132,1
209.59031739399,69.5816817696773,1
173.350267303162,69.0865779807578,1
188.602136113497,73.9630546208887,1
184.634370953683,70.5032028444498,1
170.241505998936,71.1480282402941,1
199.261820692926,71.7037362635717,1
156.000115866472,68.0490442536169,1
156.547314835604,69.9103509786594,1
166.837538813157,70.3939972886748,1
173.834017034043,71.3121082968825,1
168.510739533055,70.1505333937378,1
176.38366882017,68.3592793605962,1
166.277893979609,69.306474004297,1
138.468905837646,72.6604869401493,1
231.041445982998,73.0749130600825,1
150.64221680907,72.5817414290205,1
171.24841920809,69.2967266195658,1
184.768476869605,66.8630597370915,1
175.244761593583,71.8450405825402,1
183.653563770884,72.6819567909314,1
173.09641062385,71.8813314736985,1
161.046092993672,70.0589030772858,1
192.800776556268,68.3256427409808,1
170.175453937346,64.5242377021081,1
160.050341656752,69.23287463773,1
205.854002762791,67.6364712956855,1
163.628944455508,71.3971152404782,1
156.665982445295,71.0633440301367,1
177.843808211477,66.4252995114677,1
166.04180620394,68.1435243968115,1
183.279507050706,68.1374331420241,1
174.063172424619,71.4669487268973,1
147.790964531922,70.0899887107718,1
155.138811226151,75.4366952136275,1
108.877115216402,70.4653344292836,1
196.66778580703,72.7921244186664,1
164.32796239257,68.778282507499,1
167.829180079119,71.9767545304736,1
148.585208313564,62.7450111162616,1
141.025718326166,72.2623748150456,1
187.003060815784,70.4316999373403,1
181.754683241782,70.2637369165268,1
160.137886699327,71.5712351937374,1
195.078355700677,72.1750485338456,1
173.984720108449,71.7917125203956,1
181.581500169242,68.8669120038823,1
176.501789498165,69.9223968975697,1
170.201163882934,72.6755489958527,1
167.751668448255,69.3505786489222,1
158.277254135908,67.9470458100368,1
168.344665536996,70.8219239182451,1
166.978793574954,67.7107146709541,1
165.900682416016,71.3625468455875,1
219.493858371177,71.7706743403111,1
213.503058167445,68.1817218115424,1
126.657505088837,70.0336312502181,1
198.980034650303,71.6964846945619,1
186.821375294962,67.9451486299934,1
190.551015407153,71.9816131292586,1
197.341832449749,70.5007250164095,1
175.772882321967,72.5938140257171,1
145.108787101778,71.1544979123227,1
151.796019403966,69.4574534381276,1
181.5345750358,75.0500978525115,1
162.699135747994,70.2634103464825,1
149.898952409504,69.9394955451061,1
203.271982390668,70.3752440013137,1
156.628753535783,70.6833412901993,1
184.335938246324,73.8018028872651,1
186.690134032172,69.6291443013911,1
213.734377395533,70.7549754577181,1
197.472139234267,70.0353634906559,1
138.03324572467,67.0403443004186,1
202.757071587228,71.0675540585813,1
179.249116909138,69.4844248279467,1
164.020514794024,65.0069630245322,1
171.675839923365,69.5353678087363,1
195.080418676454,69.6179914670673,1
186.891312723757,67.9966672690055,1
152.573189738432,71.1780493369238,1
168.942408318017,67.6589036486308,1
179.098358687716,70.0239869229156,1
180.724170208535,69.3599898864919,1
164.698279127715,67.6923167242926,1
172.627997426562,70.4840806967267,1
198.595432134103,68.5397379163556,1
180.491756679293,70.9130140813473,1
206.056652549198,70.8529591204679,1
153.346776206548,72.2382302694462,1
199.614218677389,66.9197618793808,1
151.254503708446,67.2958324749294,1
201.502691005791,69.5691938460407,1
157.975410048061,70.6762633346515,1
193.221525935792,72.7901866041908,1
105.122537994885,67.069152117116,1
170.256334798391,73.9998690688192,1
181.531687179154,70.0138396762502,1
165.481543581706,72.755809045471,1
175.567265434896,73.7531066364271,1
112.593276821246,68.0526444691272,1
178.911169081548,69.5089170880428,1
160.330116074339,73.9516301023776,1
193.957732117479,71.5173447534429,1
175.942023519133,70.5013140121455,1
219.363848626673,69.0182238182042,1
156.335509014938,69.6414059809237,1
146.153419766413,67.4422526020929,1
212.518717919829,72.5575256843273,1
181.638972660561,69.1604385848694,1
175.885874752259,74.8207633797125,1
151.812968036594,64.7953385611721,1
155.203006366908,70.1288230051783,1
203.450058766743,68.9808036238907,1
168.71892548942,71.8960890222535,1
182.258316137555,69.453224092574,1
157.640789761293,72.5706539562709,1
198.916829093548,71.9593174722496,1
152.899787031352,69.810244673929,1
173.40418183091,71.3790405074446,1
190.212356848482,70.2204120728347,1
181.074639380114,71.9573992537771,1
176.233784622777,68.1324192031942,1
151.220506566117,71.6125590365728,1
133.395088529841,61.6093147032371,2
115.396855733497,63.5457807427171,2
100.484710008834,65.5110812404506,2
144.394253719177,63.9700710332271,2
113.046515259315,64.70417936668,2
91.525840322246,63.2676814538107,2
125.939676075768,63.7793066160897,2
177.025818574086,67.1982005507666,2
82.3258846184228,61.7594443395959,2
156.282280822457,64.9014176119952,2
130.661084759763,64.7909949711574,2
172.885190724422,62.25917496088,2
138.747995376528,65.9586167541692,2
121.837464571113,64.3863328421441,2
178.568121870041,65.7955331977649,2
114.811252352737,64.4339148215269,2
84.7810139358692,63.6276499424035,2
168.357645865037,65.8749649211162,2
142.133273125435,64.2067525012008,2
169.958784260023,59.015631055925,2
162.265830284463,59.9722259080126,2
212.494679350258,64.6315862863218,2
134.024965674925,61.9976153918689,2
179.491966821212,62.8052260707442,2
135.248693927904,64.7068061677548,2
90.8530449947951,64.5719324813431,2
146.153307802367,66.2848620088809,2
112.698517537343,62.0917506559679,2
111.181504254689,67.0057842662343,2
134.515387914531,63.2194701387493,2
178.665329021345,61.5392313884618,2
179.595172534179,63.1359130316334,2
132.971891884529,63.4409196918907,2
118.546608468654,60.4173664615741,2
200.62698062017,63.3186455071943,2
139.987161744713,61.6887222376818,2
94.4693398406155,66.3272833162229,2
141.640125070517,63.0811623639361,2
178.310936615695,65.5946929701241,2
97.2004483460332,61.4479886697506,2
127.781013537009,64.006860831456,2
84.8617175100016,63.2616740980926,2
97.008668204736,61.5049148961549,2
154.910168221621,61.2715730481765,2
166.570907291567,64.0752692472305,2
137.797162992157,64.9516708963299,2
96.3667509520862,60.5642744355678,2
141.441673800047,62.1952112289331,2
104.644286173841,65.2353451849659,2
90.8275536556902,63.0481114010102,2
127.281198982255,64.1555541193114,2
167.233507671937,63.7378924045679,2
127.14337168289,67.132303963177,2
119.89179972015,66.4808503017797,2
130.058812980069,61.8605419937376,2
209.565172869199,60.818253677366,2
166.94773849158,62.4940464734826,2
122.309632656825,62.0286791411133,2
142.20177368021,62.4952282391338,2
125.128751903004,65.3265002095052,2
121.604214480343,62.1207894744701,2
171.623410891723,66.7848949885191,2
143.301248654279,62.9004735126743,2
97.3327847075815,63.9674942031443,2
156.30562824739,67.4842421246226,2
162.246623495708,63.9289476794906,2
115.646395091157,61.9863048219868,2
147.025496340545,65.7041251019383,2
178.76817508321,62.4427550492114,2
123.989828852625,64.3265002048614,2
122.393533023066,64.2039798760144,2
182.520401874006,66.266913646095,2
192.197891669351,61.5553886615463,2
142.33256854371,67.4336517337812,2
105.037692297257,63.5543355662687,2
123.570616815519,61.5965930662736,2
179.167626793755,61.1987440475766,2
146.807476675181,61.145212666922,2
144.197113107723,64.5854091317212,2
85.853943000268,63.9781479755793,2
125.174383021125,65.8920274237473,2
198.611421133886,65.327311234516,2
97.064801088061,65.3988204249714,2
193.231740513355,65.6098495973916,2
130.124196456393,61.2972279361233,2
211.387759264645,65.497163742172,2
173.049804752714,63.2879333005494,2
90.8541742206576,63.2991780617172,2
146.973201846673,63.7055326699762,2
143.520496331579,65.3419171916661,2
153.530939351461,62.0318220089453,2
129.55991854508,66.3183883834941,2
147.847004246494,64.2506874691172,2
148.236410567584,64.8954654860651,2
105.361915709779,63.87326392256,2
138.529188799875,63.4526121757754,2
124.413887658782,63.9929986763231,2
135.598480042524,65.7336565858557,2
74.2236417749602,61.8770799303765,2
135.146162467234,62.4250562252344,2
221.978028497258,65.1937969057795,2
96.0444769875476,65.0376955279704,2
106.035744358008,63.5730833496905,2
113.002586305734,64.8337464322171,2
179.14534385637,61.9466538469709,2
130.109970475949,62.0877775057949,2
113.978755392583,62.8382239214672,2
122.826746204795,60.0549818050115,2
110.025923493195,62.282677449747,2
111.285595966324,62.8460896570738,2
132.070765695043,62.2801377964657,2
101.753427992967,63.8059505310772,2
86.86662688736,64.7423607258704,2
198.228365248198,62.8742840252628,2
154.210977130718,64.3429467242195,2
160.629790457916,62.0803452092573,2
156.343465649712,63.6357062300553,2
97.7631668849208,62.8569864351661,2
71.5802668552585,64.1470139133333,2
127.314270056737,63.8149922756459,2
148.078750011291,65.968634791705,2
170.046930110994,67.296066774818,2
162.48385000908,65.3364259343481,2
136.131691297996,67.2887009662031,2
182.300463209135,64.4770069159888,2
104.503544304226,67.2254733375953,2
154.054087836453,63.0108851722887,2
157.039435774275,66.7152318147808,2
141.379091400923,66.7950971793836,2
157.90306666278,63.2679775311083,2
130.353985287303,69.3554273964134,2
171.492651329262,66.1596059984352,2
146.604876234199,63.1050572784694,2
143.6890824385,61.5473406214263,2
84.0718726907856,61.7819977364493,2
142.20095750946,62.713940688641,2
159.163740907302,65.3889002322369,2
161.833576599409,62.1737774816418,2
204.288980717669,62.7931752760698,2
117.858762786776,62.3273096604427,2
96.0444251597108,63.5817130191113,2
104.4779526523,65.6888087767582,2
96.9508034576302,65.3812388444644,2
121.446695024466,63.1356929228933,2
179.457028019214,66.1340631184736,2
77.9709182178024,66.5298243041747,2
157.247841574097,66.2619518775668,2
170.689918655011,64.5485017566307,2
155.905477061239,66.0583693617009,2
127.521275903308,66.4784004823582,2
174.496814497451,62.7638082766876,2
127.265533038517,64.1315359229091,2
142.617575035873,64.3016746418252,2
175.248373985286,67.3162113490957,2
160.245824990095,62.6982337129613,2
90.456706283996,62.6716795163495,2
156.983474156838,62.8807649326944,2
130.416492553518,63.5621221273779,2
189.561017229684,64.8355617582757,2
108.751435840728,63.4482021428811,2
124.836618213017,59.4168465570931,2
106.865768380068,64.02006898999,2
167.689835066186,66.9185226550979,2
139.142759544541,62.5697173205603,2
102.287857030353,63.4314473246663,2
164.158212777664,66.4820989860053,2
166.052787757923,68.4096289432529,2
198.404334432822,63.781801008927,2
114.444296521999,63.0007276788142,2
109.590715159196,64.2546896681645,2
145.000753344578,63.7786875753561,2
129.425727343072,60.8870864746189,2
172.906445608009,66.3129206937006,2
111.47358016581,66.3415062045554,2
191.348114662529,65.2591611844399,2
128.428048386364,63.2013239799915,2
155.983836307506,64.3871447585734,2
116.25914741242,61.8826466669985,2
196.114190477185,63.0956967930086,2
145.156076732629,62.1415518144659,2
160.065410134375,63.6547571962746,2
100.567187740566,64.1639733235819,2
117.302943420356,65.2766733013953,2
125.357457883079,64.793696441493,2
176.831478469889,65.9428501298021,2
151.732291731195,63.5555447770849,2
133.65156663361,63.4315881337841,2
192.442709739008,66.0477676361832,2
127.728338741333,64.9801679695628,2
136.92912107755,65.1038401398048,2
178.204182188052,64.0566628829922,2
146.904738586695,63.0416423356183,2
104.195642741215,63.7241241852016,2
84.7556519074707,64.4675524402439,2
125.305022913756,65.3827841071102,2
128.449366712925,66.3466689929974,2
163.01742247109,64.208643259653,2
157.238001990063,65.3587028176181,2
135.559801885448,60.6446792208864,2
170.761071537311,65.5281678923239,2
123.745341193308,62.747210893675,2
166.385949826883,61.365228941163,2
152.6452407036,64.4291761523744,2
104.344568761776,61.8662218899496,2
112.323179005709,66.1910749656489,2
132.415191557763,64.4467703663701,2
147.700870403199,66.573787061619,2
100.766194223252,63.8796975884029,2
155.003001476168,62.3370565821227,2
100.441201788778,62.3868038275134,2
132.896474861517,62.3384293567465,2
179.129668497289,63.2435497766766,2
183.618642911841,67.1930725573866,2
110.402123017394,62.614886283247,2
157.546172052171,65.6082400153683,2
127.132688488447,67.2449275851649,2
171.435732886459,61.8320782810367,2
142.000605556598,61.5552332215803,2
124.756982311098,65.2288770223741,2
169.087456166764,64.694855231228,2
136.863330342965,59.2228955894104,2
163.577780206866,63.3138689763934,2
158.152639239188,64.935538648945,2
175.376035296457,60.152377614765,2
135.634854838949,61.0167772340988,2
151.607687974042,64.7663053429729,2
200.469183795643,65.3388579044881,2
116.023043006391,64.5233420944938,2
142.228803570492,66.3542407407958,2
184.855767694674,63.185638979275,2
103.080107831486,64.9119509345598,2
158.32354452866,64.7642357395082,2
177.833483821587,64.7623277809693,2
74.1851868596169,64.1157984839057,2
131.433576619318,65.5521789761418,2
183.599042966842,61.4116132384987,2
135.310287273628,63.2309787849746,2
131.258750803955,60.6203602786445,2
127.379312834372,65.3240897167451,2
117.398374689044,64.1479118212035,2
149.672445482891,66.1753148939909,2
169.66125928595,64.7875777014757,2
131.817899538815,67.4509444660546,2
159.501756710713,63.1632298043353,2
88.1270237648706,62.4621621197354,2
165.996921846612,67.6848868423232,2
181.552852893893,67.4370041707857,2
123.176940852047,65.3919354491979,2
144.865300148421,68.2324580299718,2
143.994543752374,64.420094692666,2
122.22074180239,63.2544688824068,2
131.047799964758,64.9233260254503,2
132.382888930569,61.7775834371391,2
131.309263764506,63.1387715847479,2
156.711776518936,59.6572841779399,2
167.254016365386,68.6672019106772,2
145.113459717881,64.5472756677793,2
198.463720487163,61.2642771371316,2
153.583169152359,64.7250879202948,2
192.591583321658,65.2681733974203,2
132.981923544124,63.5677550221965,2
200.058441612074,63.1024308027373,2
155.769172187954,66.064750238301,2
162.165429111734,61.6997677873977,2
122.395120932809,60.1041350544967,2
124.14356992635,62.1880725872879,2
171.873548080293,63.0662231042205,2
193.271338986533,64.8111169881954,2
136.373979748672,60.2684825548184,2
185.504540304412,65.3553049516688,2
211.019971483813,64.0693896118843,2
189.081059765248,64.07389223993,2
145.617803526934,61.6128340181405,2
93.6903279658975,64.5306602217217,2
185.998378220848,66.2737172133116,2
121.718742866808,59.2787345855622,2
191.531926532158,64.0255145945795,2
122.239953998484,64.2393903694855,2
122.62632814074,63.2230044730872,2
155.259810769954,64.4643312674199,2
125.505449933205,67.0592731642058,2
71.7388392151128,62.9746757208517,2
161.198554609708,67.3837081340514,2
163.352336911411,62.4327407717244,2
131.569458667966,58.3945740930727,2
141.613758585394,63.0585637071469,2
157.111405170906,63.7902595611801,2
111.529185780749,62.9344216649696,2
189.490857493309,63.8384383002281,2
136.270521904369,63.5673007808791,2
153.428085489269,62.5611769484983,2
118.165426082341,66.4086809236584,2
153.325933205243,63.4961607720624,2
130.704200971643,61.8606759184698,2
141.262579659466,61.9145773919334,2
140.096906645384,63.3955964373878,2
110.159698340358,65.8272594975094,2
193.057279912285,63.5787853918102,2
149.72838421444,66.2917538568944,2
135.25749595205,60.2813922476511,2
105.276951279849,63.1003299373026,2
105.032683021177,62.5725459037037,2
138.134131812133,65.1433123705075,2
175.168424963958,67.3223185705469,2
93.8269414978258,64.2526192986643,2
145.143941948992,60.689881478089,2
138.123031244024,64.787844988402,2
161.493317778015,67.1101629825224,2
124.498652253023,64.5335032314487,2
146.826225940378,62.0346973947802,2
132.750418388906,67.0302859243944,2
144.581200748543,62.8650807579996,2
119.871691462743,61.9618986288378,2
187.944946616542,64.3815037443042,2
121.019191946203,61.4611230146359,2
156.264527191618,63.2001646365235,2
109.583610884242,66.2074904400041,2
109.786335077673,62.5884846076016,2
112.741327182931,63.8556024030681,2
152.645635517674,65.4530422857257,2
170.324117358393,66.7169725043045,2
151.372719180737,69.2312141484536,2
139.345838482282,59.1137132931528,2
137.998770835134,64.7234730004925,2
127.279076333643,62.4893955710656,2
148.474062745929,61.9027447063353,2
194.504713908673,61.437396888621,2
142.891648631454,65.2627291616,2
202.706202618538,65.5042195351796,2
201.917843155532,63.6130571063369,2
134.798138882603,60.3617385301249,2
141.223668953271,65.2093490428653,2
169.238986743691,64.107992959322,2
160.935161447703,64.2106699421225,2
137.067256485519,64.2411126190315,2
152.731225755986,62.3530212419786,2
183.211059705716,65.9033743936034,2
151.474584597775,63.4073160465049,2
181.863186260558,61.8697959374051,2
103.838664351272,66.3440310115459,2
163.530715406016,62.9378326267969,2
156.984149252772,62.5308584668369,2
158.255811514739,64.6459807709532,2
106.214472290065,60.1891789570404,2
174.329392906313,62.9647879134597,2
153.322881163737,59.2882551149626,2
98.9262507713381,62.711618348683,2
107.4665394216,65.6012596835731,2
112.516607891389,60.1432768046844,2
106.243354698244,63.2771386250027,2
121.941438424888,65.1050210361874,2
193.675622794321,64.2144493680455,2
175.507702345861,63.5630953914937,2
161.555160757222,64.0658242575803,2
132.86501697271,64.7377108659561,2
171.855649520625,64.7177481377868,2
105.624309072013,66.3180010571579,2
132.058142763667,64.3311467617349,2
161.786282431582,62.3754568051705,2
161.221525915603,64.2261604640509,2
147.995952680516,64.9178482795058,2
163.587688204656,64.57149299592,2
111.796939214509,68.4541326869552,2
149.80698939746,68.6358489288971,2
185.911569950067,64.0408945700219,2
123.214847151549,63.8281085286924,2
176.923550478517,63.089799510659,2
116.820380984083,66.7272599701091,2
175.338866047252,62.3510728591277,2
135.092159334986,64.2186177561675,2
155.850891497111,65.5279523567266,2
140.530055818034,62.5395510837543,2
124.430989839933,66.8220125183028,2
171.51711843194,64.1966463954605,2
177.066930124279,63.1374025048333,2
159.030835762289,62.6866891758683,2
136.36664859299,62.5856023691872,2
192.593979971489,64.3342643099773,2
150.222200056858,63.0121616282729,2
162.805405057373,65.1565097761055,2
127.781896854625,59.9027560739584,2
114.45719586999,67.9827062179844,2
157.926024727803,59.1761129384062,2
139.874482351553,61.685962358459,2
131.708455343006,62.9762622689948,2
138.976345167325,63.1978357420299,2
95.9089995306544,61.7541183763858,2
137.277193320804,66.9553483381804,2
130.762977683767,64.1593499430714,2
139.395514372233,63.645847095781,2
150.330571022314,66.5306770401139,2
162.497735496627,68.7340689477482,2
130.952964648288,67.2226704457264,2
169.179352824396,64.6353082159181,2
137.617337911605,64.9316036676924,2
123.073187374687,67.2954056436349,2
99.1703413785928,63.9266013675344,2
164.264391531497,66.7120092291366,2
148.673955081475,66.1124595867454,2
172.280966306322,64.8925453017596,2
186.23947174502,63.5559604411599,2
143.975552087598,63.1036848750755,2
146.296800926812,67.795456608129,2
147.851164729525,65.8550217363868,2
151.444726313431,64.3473054139921,2
162.087442204678,65.2025343230733,2
148.334283586926,67.751073509783,2
162.619517209623,64.7651432013775,2
157.430459150628,63.8707777223074,2
121.599548830569,64.5806658635667,2
181.461652855244,66.9398552030209,2
128.961721955297,67.8425127398989,2
129.040068589539,62.0207362984645,2
169.218904741814,62.7114237186824,2
110.072260156887,68.1165139054139,2
94.4148139488405,65.926727279895,2
207.676541546338,61.3505426457558,2
155.640740518335,62.9420219374717,2
82.4022048036545,67.6374612512011,2
178.671267145711,61.528875751949,2
183.189779891805,65.2411249125361,2
149.066566174844,62.6080261869003,2
120.543175338095,65.3510825734067,2
97.7301763768241,63.9185553314343,2
179.178765374395,62.0336222692759,2
189.405035484741,61.0102965238095,2
157.285682696662,63.8831960682276,2
122.620709946671,61.7878698579508,2
103.590910632555,63.8337790242638,2
181.334552633973,63.4136545770612,2
119.210842575401,63.0292592939306,2
131.417516096189,60.9872528721138,2
121.538366548508,67.7097370391475,2
121.93064223956,66.4067793072263,2
102.426325225264,65.4231402926824,2
163.964366289701,65.6583465457193,2
161.383422050555,62.6100500764992,2
103.789066026614,64.6129098175875,2
154.918872136611,63.3374729617947,2
191.379205578846,63.3840529298481,2
165.403782671108,59.7459148177801,2
135.126022662612,62.4685978121422,2
159.968608901701,63.1877792900625,2
143.519667839585,67.8228859699699,2
154.977646277404,63.0294826466002,2
84.4024468690965,64.8966354888712,2
113.302531614462,63.5228112965871,2
141.045543107601,64.7359873909882,2
133.622326260921,64.3354168614263,2
99.3689741989936,66.3994528951691,2
196.039166496108,65.0957650604896,2
75.8694609382462,59.2181317919484,2
167.770414603695,65.3985680916375,2
162.064614942034,65.7164550601358,2
181.533889058252,63.0407428106642,2
145.146758761883,65.9133436909938,2
140.837521564359,68.1319619995848,2
118.368224274012,62.7024417649645,2
100.334926813956,65.0043687728393,2
238.354806441157,65.0834841065468,2
136.283654322312,65.5958007186504,2
111.257038074191,63.6214692896574,2
179.671145228668,61.0439576286104,2
185.86680294604,66.6147244537794,2
145.512359862346,62.3784885059639,2
126.039236874644,63.017372463181,2
193.437773096184,63.1949828854532,2
100.852837623311,62.0215416576402,2
133.366912991269,64.2554327460873,2
132.811523844511,62.0979388115617,2
146.909162575826,63.3216324490765,2
196.287450125556,63.7809162938104,2
159.411567138328,63.7429970632994,2
121.777331924858,60.2246528883166,2
144.512139408092,60.4989680903683,2
99.8839540728238,66.3601221383818,2
155.396021431532,66.3186138535982,2
157.820710576841,61.914690997136,2
126.967805739687,68.2320639506233,2
149.211871702986,62.2538025295547,2
110.677496966045,64.2185454693898,2
108.991339654705,60.8941990284299,2
110.902500122134,67.4700625744913,2
97.0307465092821,67.9090235981466,2
162.071627793811,61.3823805692304,2
145.479627125498,62.1868143639505,2
112.562027183738,60.6109336058196,2
223.315118499956,66.8772522086744,2
173.265524121951,63.73627015096,2
160.274560313567,61.7687958323639,2
117.15650986542,64.3513290041053,2
109.590991110717,66.7957072887085,2
181.79600069922,61.9174972186726,2
123.79630189023,63.7572929587765,2
196.950113753469,60.7025517017015,2
132.681722533154,65.8048658783381,2
78.1909290022247,64.7869001754629,2
147.619996582572,64.8325941172198,2
93.8061930006685,61.8561751550096,2
177.798863606639,63.0455986887991,2
141.033749731961,63.3537595197402,2
144.954858077736,64.5989393288561,2
140.763339144021,64.8682844578953,2
168.801157216274,65.008053900007,2
186.086868320162,65.4297880724053,2
104.083545688033,63.1919473737461,2
203.663615699189,60.45149270718,2
144.640995408972,66.7289890908268,2
76.9896884383673,64.9053362520134,2
135.275082539416,65.2976550929986,2
141.1702329712,69.2649600491,2
123.114931360702,63.9669312157045,2
166.111111401925,67.315806115451,2
73.7360436412431,65.5284071949392,2
163.895375391664,63.3441199999446,2
108.79064166947,64.7561685222524,2
165.286324303176,62.3570312214967,2
166.106002185083,62.5139037456621,2
147.608497753649,63.662655648337,2
127.387772402823,63.8079165569511,2
98.9391357548417,61.9698108067802,2
131.228162313599,62.3299156687657,2
159.101054141997,63.6980063156797,2
173.467937656795,64.5807172215028,2
100.658792300292,61.3041066729773,2
115.791590297069,66.1334130211928,2
126.066580072245,63.8430806573044,2
60.75578949918,65.1465419012552,2
129.290428205207,61.3971102067464,2
170.536814551425,63.8524113014157,2
183.852348331265,64.1111570354379,2
164.394889329193,66.4238431158807,2
123.170643197603,62.5764922617179,2
137.946566610079,63.7226556762801,2
116.486428367746,67.027397116086,2
98.5353944219407,65.5719771342416,2
139.328207650894,65.3995493729557,2
181.588613470801,65.6555930733613,2
147.970587697451,61.6767273847485,2
164.609810977162,64.874969653194,2
174.352179877984,64.4289923484003,2
133.504527726912,66.4417420756432,2
208.189418275143,60.7059187508304,2
143.868886249445,59.7686339647343,2
165.996028553773,65.6022296980081,2
112.449884458472,63.3696115418427,2
136.382368122144,65.6694787171068,2
150.975204949074,63.3399366400197,2
135.358484234269,63.0229747343225,2
150.57260702018,60.6552950660159,2
172.473681320465,62.2016049610948,2
126.008032704756,62.6654389014755,2
132.395206354457,65.7161622314477,2
110.915045970132,64.4882712824755,2
151.508805014731,62.0009529216422,2
110.701773334653,63.9771917474375,2
101.429207230452,63.4863508686706,2
155.312780107118,63.2672621374628,2
98.3500523828084,64.2229018597464,2
159.359059318741,63.9553572362155,2
163.762214015756,69.1098932194051,2
103.948836318538,61.8670785367111,2
157.753777376463,64.8315032377445,2
174.032699083073,65.2216367012733,2
145.691718891246,66.1888405615674,2
112.388459802053,65.0642099382446,2
156.670073998958,57.4135150458874,2
140.189760247702,63.6922542818506,2
171.612123929868,64.5765496107279,2
171.714272695398,61.3339340124552,2
148.990238393858,63.75605284091,2
142.42076479761,62.235027873878,2
190.885310071209,64.8217533567223,2
155.433316709071,63.9915628774603,2
140.5918492304,62.3217637032233,2
73.5319728713926,64.8712802021246,2
139.293958901133,63.7407561811999,2
139.939648549579,59.0136256690019,2
183.021034311847,63.6673548685594,2
173.947564420656,66.1950031239564,2
164.311673579189,59.2789996142004,2
108.761548061769,62.012958727785,2
117.77977055977,65.0705864288041,2
173.755128741292,64.7539142191103,2
113.450475992325,63.4799078996738,2
171.530596504703,64.0203392682637,2
169.181019811687,62.8843694512869,2
190.052598383865,62.1432807885228,2
156.971002220963,60.6211100244653,2
193.085615692177,62.8540799316541,2
109.080788358477,62.9049936989997,2
142.03562986237,61.0833619195322,2
144.964223859627,64.0325102099244,2
144.484815275253,65.4784262444362,2
111.404962839738,63.7988992092096,2
170.979849154798,65.2066899944677,2
150.013765540833,66.6007929587493,2
181.238665821829,63.0182732822778,2
122.11939637401,64.8793927931479,2
143.379711375437,66.3682037781157,2
121.192233458021,64.9553550218053,2
162.26297805783,66.0695855531639,2
162.752873062138,66.4282092411126,2
138.929134965903,65.2304736339667,2
161.062466062457,68.454903557556,2
159.643772554842,62.2482442682807,2
135.877384013018,65.2402414502007,2
137.836462571935,64.0874597048985,2
145.138819262577,63.0036959185992,2
160.025974234521,66.4483843911084,2
124.99444261439,63.3872277044839,2
189.74134608114,64.4903792194169,2
161.911915503189,63.5753523621968,2
219.623963663696,66.5377569527241,2
109.083641223516,64.4122519036414,2
203.217082557383,63.5632594403103,2
101.790228307444,68.08765151666,2
129.809888647073,62.3166925861977,2
121.828807454848,64.3796407030985,2
87.3169203244865,64.9782320935665,2
179.071055862004,62.3415480078408,2
140.252793895619,63.2340186842133,2
146.760844653488,63.6865777043598,2
131.181964257287,65.0382984043383,2
133.13152024953,64.485612424229,2
106.626791393148,60.6301989135281,2
110.828955537685,62.9283121202234,2
168.224283740183,65.335717120914,2
141.057471219221,63.3032862542187,2
149.229892407894,63.4995829700338,2
149.628174038424,62.8367161463385,2
152.252430371493,66.2099748866755,2
135.81076711844,61.0188687083973,2
190.285506443424,67.2364402398901,2
117.325398410751,65.4393418623963,2
139.161094565728,63.2434419555866,2
129.693933535163,65.723821967461,2
170.425387601356,63.8981223753357,2
161.518891379944,60.7152753536896,2
138.238710341563,61.9656267717845,2
97.1538089612996,63.2697949904217,2
171.209378775769,58.4857546326922,2
128.51130368714,61.5827798256542,2
112.422019283645,64.1838724112318,2
134.890459009957,63.6434678314122,2
178.28686448198,62.7049020179367,2
142.906539587059,64.8414563682257,2
146.995413057797,65.1279978189522,2
70.9862410413347,59.8058291819624,2
166.869648686108,63.7387820605295,2
176.758107671129,65.5964138104159,2
158.497686587723,65.1413015297821,2
142.406975176873,63.9645100871732,2
126.029691662307,66.9702309667071,2
164.655979313485,61.4372876531272,2
173.444686986103,63.711494026394,2
111.773411511673,66.6420984861197,2
138.677151750974,62.66038046976,2
142.196694319198,61.4083180011962,2
106.272570990033,62.4353548612114,2
197.993900286927,64.5967373178272,2
146.715707942136,62.602050843534,2
143.752963109089,62.2279316725576,2
149.931121441805,66.13691997752,2
171.866270942568,64.402020368033,2
159.077898757941,59.8836051472811,2
128.400624416458,61.7698901244903,2
182.424969193465,62.8130553118283,2
169.774843903982,63.778290861312,2
176.910806312489,62.4951813155605,2
117.359764524433,65.0023723290477,2
193.834221315914,61.2063901285846,2
146.477842597974,62.9533843892852,2
130.136308762333,64.5050057680277,2
135.775307196537,67.7103828197395,2
193.960998022487,63.7192996340979,2
109.623669039446,60.5247491380468,2
197.66061047711,64.8315494270038,2
125.517425163546,65.8195991444942,2
151.180407723547,64.9852648809176,2
146.475936757164,63.454395269289,2
139.769220634518,60.6672738221521,2
157.953588561598,65.4958180866747,2
128.302644460889,62.5913730607547,2
132.340485620481,60.3245389024711,2
187.384507151671,65.4894980346697,2
128.291801074968,64.0032601456997,2
112.963784396315,62.9373799293188,2
207.791768221878,65.0224079013049,2
166.33530912311,65.543304423248,2
169.842563724589,65.1636953414285,2
163.977511285039,60.7330174971495,2
138.278458783045,62.6307332035845,2
150.237321926454,65.9225738750145,2
111.758561586442,64.6093201494548,2
129.127482955095,64.1198474652606,2
162.571303017954,62.7081267268343,2
170.461552174453,63.4677814382487,2
203.997226150804,64.9877770820189,2
137.478089440339,61.9355816840737,2
129.084529565455,66.860713347102,2
178.892791632398,65.3803246583096,2
107.729113998555,66.2687148964473,2
126.87900578961,65.6761487105545,2
164.278072510796,61.7995909297478,2
111.190695777432,61.5953569611602,2
141.188878347274,64.7166257291052,2
154.978202675474,62.119399708985,2
151.235891221751,65.935414723828,2
157.478672375672,64.0051634102636,2
155.996965395401,60.976657142336,2
132.417716880194,62.9326336693044,2
149.357929273413,64.4725047329515,2
139.108714074611,63.3918333758385,2
197.238379646228,63.8217097587648,2
106.51446917622,65.6172781783012,2
135.733114594133,65.0286958199974,2
176.355264528025,63.4802598641123,2
157.553177756534,68.6055836041228,2
178.451013505805,66.9015715893862,2
147.205934093562,66.0346356807019,2
134.483195594276,67.3390732276767,2
162.009527204174,65.515330799151,2
157.336876597698,64.0311057582877,2
105.259762336813,60.4785527430458,2
176.96168727218,61.1060890625394,2
94.2035059457733,62.6808334996918,2
106.470482409458,65.0357601755379,2
125.564671889119,67.276699361425,2
175.064124404104,64.4570463411873,2
153.317831385987,65.1869413335262,2
169.769345059168,60.8497527437063,2
93.9222331709221,66.9200240105201,2
168.408297932237,62.430313566212,2
177.205962410942,62.5495905438702,2
132.03992623985,61.9118177252099,2
124.978833886271,64.7380753419931,2
147.687877133517,65.0864920262259,2
125.580352934033,60.8472100125453,2
153.431913221181,65.1286169637885,2
160.2403331996,62.5451732228432,2
197.555261347723,63.6595577207594,2
74.5464238530294,64.1398505824653,2
183.368989355138,62.5051882796318,2
167.496572957128,62.7745822455374,2
120.282521455364,63.9251712354718,2
164.580661571857,67.562487502975,2
198.022340502215,67.0231525355969,2
193.821258555256,63.5341432201698,2
148.735650136121,64.2848812025078,2
204.981123574807,62.3626911270807,2
114.225527581834,61.7040565571292,2
143.52262414723,63.7248065623497,2
176.236195762679,66.9884508877163,2
121.007274397592,62.617243151687,2
130.923221446204,64.8516422845678,2
193.010269141314,63.6295012670039,2
102.384253514319,67.4964055617107,2
122.414305633419,61.8978487800088,2
117.425505385272,64.769332335821,2
151.948999930943,62.0647952140514,2
134.656225142303,64.4393887334178,2
92.4091532669304,59.2420663517179,2
181.583830295965,58.6634993133145,2
149.794781164565,62.7830181610019,2
134.036563896276,63.8511495599989,2
90.0785193715745,61.201745781597,2
138.74961192965,64.3217401111384,2
114.610042249565,61.2871270914889,2
125.401856739946,62.4441733383898,2
124.313547535647,67.6859395287781,2
138.528347917033,63.5160028571979,2
115.189968863192,66.590996319458,2
115.281114965571,65.4458117601787,2
248.174101307905,64.1042371743961,2
140.787635998033,64.306577783282,2
158.966102671432,64.2907746010757,2
155.741310160691,67.3612097592186,2
182.010377056083,65.379228161458,2
141.77600851602,65.1839394056392,2
113.778323261539,61.962831918532,2
151.776763001652,66.2896689060742,2
139.95749449292,62.4133345706091,2
146.754905740564,65.000892121421,2
181.612481058055,60.8584023187008,2
117.758032488981,64.5479179149355,2
60.1449556764347,63.4103038293887,2
155.885242668804,59.3394839945126,2
174.80783330787,58.5887814437207,2
133.062443520022,60.3878334104019,2
171.786477925176,62.8824269092493,2
96.4045164569471,63.2187348272338,2
136.466738253435,64.369902210996,2
160.981555235975,63.3652794735396,2
179.900527284506,64.9131589378429,2
100.390472389389,61.8062124803374,2
98.7023079565163,66.8339223483215,2
137.586724644847,66.8069822804806,2
179.051215542866,60.1968631824249,2
147.806206931773,64.9425177333051,2
186.047934395033,61.5000194241439,2
155.205864493508,65.3676309133483,2
155.445210115264,63.3354396583699,2
107.172520056788,62.2575834932271,2
130.881113183923,63.7341270158793,2
157.520400541248,61.0877402952393,2
111.496980478458,62.3018178634493,2
152.439904328869,65.1227447179706,2
186.138088598424,66.3601310541037,2
126.057655814768,63.4291832378646,2
93.6836197710248,65.672568067915,2
152.497918000944,63.107643785038,2
184.30531693855,65.91539040215,2
99.9381764335499,64.5172735402382,2
133.706182075032,65.1690589142264,2
141.522593493067,62.0776275530498,2
138.017432801619,63.9121356691871,2
142.035320627624,67.0297422743431,2
113.5342230258,64.2682173113437,2
140.127351261931,64.5807957780166,2
142.729312000488,61.2488265696616,2
136.352290694344,61.4328113136261,2
153.603675204192,64.7184711747535,2
138.016506157434,60.9454237703418,2
169.125608490913,62.9900549505286,2
175.758956482265,65.9976265917847,2
133.196450861667,67.7121096850569,2
150.926736914663,63.2612783319253,2
143.707875195878,64.3385419516463,2
168.375528716272,67.5498192567227,2
158.587013731442,65.3464680695744,2
144.638205549289,62.4250148998352,2
143.259802431711,66.3762997070452,2
82.8378324641322,61.6374603484364,2
156.296803946014,63.1170715111001,2
168.245327229624,64.0318332628154,2
121.776274739789,61.1199484722409,2
136.986043356955,64.5127802772088,2
144.807758604257,65.8529227365355,2
72.5888492047766,63.746440954995,2
140.338568006423,65.2916839634198,2
127.140255803357,62.3168707841972,2
119.17295845623,61.3015586953144,2
143.031773640438,66.4853795971932,2
166.226511927527,63.1493130922676,2
150.322251438548,61.5866041101384,2
132.398791470954,61.8556879639743,2
154.112112341967,63.0033428669279,2
103.992490621987,66.6116894598807,2
124.923421359316,62.5804399001873,2
131.178653415466,61.1000649399868,2
126.638095527489,61.7247266593714,2
183.81759325423,66.5112208903469,2
142.730603541782,63.7252349154737,2
151.258006964283,63.5219249345073,2
82.3019964864044,63.7748605298304,2
124.01602821568,64.213904882432,2
169.033425835262,62.4074740462938,2
151.234775121158,61.6824213734746,2
110.890568331321,64.6953664267815,2
133.631973814243,65.0048937587446,2
159.714941771526,61.4132978247382,2
116.313266180536,66.178733184769,2
129.783219354747,63.4552985274808,2
145.053747330255,60.9042169434372,2
137.097141930985,63.6665072938662,2
179.949123464126,64.0542694929779,2
127.621807071465,61.8293397147394,2
111.750882549565,65.5619698985373,2
184.836868302957,63.8593111921397,2
118.302012496665,67.2443481822172,2
176.42729892697,61.2991519817089,2
173.195547128673,62.4749397191866,2
93.4358061641487,62.1883797028497,2
148.737323694056,63.269609703625,2
165.209241101269,66.551845824774,2
186.273533433578,67.2080394113115,2
143.480435579174,63.009290655506,2
127.652919333768,64.3125720715004,2
136.724133322524,65.38072298331,2
150.465106820692,64.3368895779739,2
197.16658160239,67.165538080511,2
180.910716469252,65.5686804206324,2
118.932145656299,61.4155090325671,2
103.563455594878,61.8971316300226,2
144.33655063083,65.0200556163915,2
194.170956885441,64.1261960814383,2
157.043144814804,61.3039066745905,2
160.545337914352,64.7976288295939,2
108.286208085488,62.3031922723286,2
124.058382297991,61.8343547665533,2
262.952327518229,65.8229894384349,2
137.770069253476,62.0925343944522,2
168.094511294717,61.7604429483599,2
142.109675727934,65.8719469389431,2
159.508972850225,62.8918848368339,2
94.3631732726026,63.8291771487961,2
152.675280654807,61.5163264290552,2
141.254650328858,65.4620826002897,2
146.946991522558,64.29746844228,2
151.93653676038,66.5319284294703,2
91.9226120738323,62.1414340656996,2
134.230100001233,60.8435083654597,2
156.653284854629,62.7163539340222,2
176.679174494753,62.2275517900684,2
91.3499557138162,60.8333874852993,2
184.327063148572,64.2844153511975,2
150.465500200904,66.5375439170821,2
164.726503583204,63.0075311769257,2
138.936324715293,62.2068115063378,2
113.440954064114,63.0195745403752,2
119.854980393844,61.1271969908047,2
107.333324056685,65.4491264896719,2
118.653598545863,61.3816576434532,2
171.298028266159,63.2770058208632,2
201.459228638829,62.6243629365241,2
118.863994795847,65.7916877666851,2
148.023543197358,62.0490305602615,2
150.693439088709,58.8150367248756,2
157.883861252308,65.7005419518184,2
151.482592417504,64.5674382777068,2
122.277330869126,63.3350234785748,2
169.370828309365,64.1216579464427,2
163.867082056639,63.8629591393879,2
136.394985998844,66.6104954985138,2
152.279701670492,63.112645538768,2
134.029975231016,61.5155932823965,2
167.585394691574,66.7052712347311,2
140.451459585222,64.8926134671576,2
148.048739949647,66.9537768326076,2
129.200550914001,62.5508264425952,2
166.2325094951,65.9389454624339,2
150.260061742051,65.8173406021377,2
175.893405195886,66.2566364344436,2
155.387753746636,67.4126176475892,2
140.664995858391,66.9688111573629,2
209.874732289563,62.9043231027506,2
165.714529960755,64.0356854742295,2
182.591559960024,64.7528360589648,2
174.449247172773,63.9283624219996,2
110.047352058953,64.7331539993037,2
185.928643028797,66.4996828285539,2
143.127386908686,65.3668991043517,2
151.158233591167,68.0300141543839,2
119.890101419429,62.5137458351842,2
138.848968214567,62.7532789214396,2
167.148627773182,63.360820419689,2
167.269176048332,61.8955809589198,2
187.537611017034,61.3069366187203,2
181.450820228811,65.7383861594016,2
129.67781266865,65.3493519206164,2
152.935925098392,63.8004104536492,2
137.407525091432,62.9842196320647,2
175.420571449565,59.7785435579966,2
171.311079142528,61.7096817378773,2
134.534854308022,67.3168224630784,2
82.6511717954066,64.7311671311475,2
125.974643974365,66.3987194535491,2
125.128463885827,64.9349201268412,2
167.688782820917,64.193931557781,2
144.349765836484,64.0030288714475,2
167.266137801264,64.6101407781551,2
115.633413725746,64.5217978505352,2
182.854605092053,67.3581506411865,2
128.865067438935,64.6683510725512,2
164.70916489059,66.371986209953,2
175.062647700503,63.1651377782763,2
183.317439628928,65.7528303615012,2
115.408267434467,62.9602350305186,2
119.304445612215,63.5087707705204,2
165.953936038274,61.289193595114,2
205.044094928194,66.5253681362299,2
131.765127096193,61.5158642951573,2
129.923269700624,64.235707388519,2
111.811393550751,65.0266798031626,2
166.53160023011,61.9269304113789,2
178.531680535363,65.0120511437063,2
168.755955639127,65.6284703551431,2
139.94348573546,67.4750681208256,2
134.890097563881,65.6807248387618,2
135.930185927032,62.6513399384628,2
151.69718357619,62.0390277824244,2
105.161413757842,67.249453507757,2
168.461371246813,61.9699229852965,2
152.930360698423,58.1933203083132,2
182.307170372838,60.3461174932924,2
112.954660219741,65.9178190495549,2
159.524560800715,63.9789460537695,2
114.670934463921,64.6437938295514,2
107.369826136405,60.8452713868792,2
139.262402821787,64.8388092939917,2
147.565924542705,64.5822904339421,2
151.488977553062,60.1019084917946,2
193.116614476181,62.8208933290159,2
145.729232289302,63.1134610229997,2
127.966453167339,65.9675295167485,2
112.21068043582,63.74804661809,2
155.169933710572,62.1405819506843,2
159.249620824166,66.4502909806452,2
148.051249685642,64.0924567097651,2